City_ID,City,Lat,Lng,Max Temp,Humidity,Cloudiness,Wind Speed,Country,Date
0,vaini,-21.2,-175.2,28.09,83,75,2.06,TO,1675740652
1,high rock,26.6208,-78.2833,18.01,65,8,5.69,BS,1675740987
2,cidreira,-30.1811,-50.2056,22.81,78,0,4.15,BR,1675740906
3,gat,31.61,34.7642,10.38,100,100,10.94,IL,1675740989
4,kruisfontein,-34.0033,24.7314,21.05,96,36,4.08,ZA,1675740758
5,kahului,20.8947,-156.47,26.01,74,20,9.77,US,1675740822
6,aklavik,68.2191,-135.0107,-34.4,97,100,1.3,CA,1675740756
7,yumen,40.2833,97.2,-0.24,41,37,7.06,CN,1675740992
8,port-gentil,-0.7193,8.7815,26.87,80,48,3.9,GA,1675740993
9,rikitea,-23.1203,-134.9692,26.49,70,24,4.17,PF,1675740757
10,bluff,-46.6,168.3333,13.95,68,63,13.29,NZ,1675740807
11,clyde river,70.4692,-68.5914,-34.87,75,100,1.54,CA,1675740699
12,port alfred,-33.5906,26.891,23.43,74,100,2.24,ZA,1675740828
13,santa rosa,14.3122,121.1114,30.99,72,55,5.4,PH,1675740997
14,bethel,41.3712,-73.414,1.94,66,0,3.09,US,1675740899
15,kapaa,22.0752,-159.319,26.99,83,40,6.17,US,1675740796
16,oranjestad,12.524,-70.027,26.06,85,3,2.68,AW,1675740998
17,horadiz,39.4488,47.3353,3.43,93,91,0.18,AZ,1675740999
18,narsaq,60.9167,-46.05,-17.88,63,19,3.8,GL,1675740849
19,ushuaia,-54.8,-68.3,8.81,87,100,10.29,AR,1675740778
20,barrow,71.2906,-156.7887,-25.99,84,100,3.6,US,1675740826
21,san carlos del zulia,9.0,-71.9135,24.37,84,33,2.26,VE,1675741000
22,mataura,-46.1927,168.8643,12.0,84,87,4.62,NZ,1675740764
23,hermanus,-34.4187,19.2345,21.56,93,96,2.21,ZA,1675740753
24,hamilton,39.1834,-84.5333,5.8,64,100,5.14,US,1675740809
25,georgetown,5.4112,100.3354,28.96,78,20,2.57,MY,1675740740
26,petropavlovsk-kamchatskiy,53.0452,158.6483,-7.67,58,75,2.0,RU,1675740769
27,pyapon,16.2833,95.6833,29.46,30,100,3.08,MM,1675741002
28,mount gambier,-37.8333,140.7667,22.19,48,8,4.51,AU,1675740821
29,fort nelson,58.8053,-122.7002,-10.59,84,75,2.24,CA,1675741003
30,geraldton,-28.7667,114.6,26.23,53,0,6.69,AU,1675741004
31,avarua,-21.2078,-159.775,29.03,79,20,5.14,CK,1675740692
32,albany,42.6001,-73.9662,-2.28,67,52,2.17,US,1675740601
33,ambon,-3.6954,128.1814,32.08,58,20,7.2,ID,1675741006
34,hobart,-42.8794,147.3294,21.26,55,20,8.23,AU,1675740691
35,sitka,57.0531,-135.33,2.94,81,0,3.09,US,1675741008
36,uppsala,60.0,17.75,0.73,93,100,3.09,SE,1675741009
37,berezovyy,51.6667,135.7,-14.78,71,100,0.67,RU,1675741010
38,busselton,-33.65,115.3333,26.57,48,40,2.01,AU,1675740741
39,nikolskoye,59.7035,30.7861,-3.06,98,90,1.37,RU,1675740932
40,hokitika,-42.7167,170.9667,18.34,74,28,5.05,NZ,1675741014
41,kodiak,57.79,-152.4072,0.73,69,40,1.54,US,1675740685
42,nisia floresta,-6.0911,-35.2086,26.21,76,40,3.18,BR,1675740992
43,east london,-33.0153,27.9116,21.52,94,0,1.03,ZA,1675740657
44,hilo,19.7297,-155.09,24.85,82,0,2.06,US,1675740760
45,punta arenas,-53.15,-70.9167,11.06,87,75,2.06,CL,1675740804
46,hithadhoo,-0.6,73.0833,27.7,66,99,4.08,MV,1675740736
47,saint george,37.1041,-113.5841,7.46,48,0,7.72,US,1675740641
48,iqaluit,63.7506,-68.5145,-35.15,66,0,0.0,CA,1675740765
49,seoul,37.5683,126.9778,5.78,61,75,3.6,KR,1675740729
50,ponta do sol,32.6667,-17.1,15.35,64,33,3.79,PT,1675741019
51,sur,22.5667,59.5289,22.83,53,53,0.87,OM,1675741019
52,sohag,26.557,31.6948,7.66,49,100,2.72,EG,1675741020
53,luderitz,-26.6481,15.1594,17.81,88,13,6.13,NA,1675741021
54,menongue,-14.6585,17.691,17.11,94,100,2.94,AO,1675741021
55,zhigansk,66.7697,123.3711,-43.01,95,74,0.65,RU,1675741023
56,livingstonia,-10.606,34.1063,16.62,92,100,2.78,MW,1675741023
57,srednekolymsk,67.45,153.6833,-36.48,97,94,2.53,RU,1675741024
58,vanimo,-2.6741,141.3028,26.91,90,100,4.73,PG,1675740871
59,parrita,9.5201,-84.3225,24.58,72,0,1.68,CR,1675741026
60,atuona,-9.8,-139.0333,25.84,81,28,7.28,PF,1675740684
61,tura,25.5198,90.2201,22.34,33,0,2.13,IN,1675740881
62,codrington,-38.2667,141.9667,18.79,59,29,5.54,AU,1675740655
63,buala,-8.145,159.5921,28.83,74,99,4.24,SB,1675741027
64,port blair,11.6667,92.75,28.02,78,75,4.12,IN,1675741028
65,yulara,-25.2406,130.9889,35.08,13,0,3.78,AU,1675741029
66,chokurdakh,70.6333,147.9167,-36.75,100,95,1.51,RU,1675740645
67,duki,30.1541,68.5728,12.29,19,0,1.25,PK,1675741030
68,cape town,-33.9258,18.4232,21.06,92,100,3.6,ZA,1675740492
69,new norfolk,-42.7826,147.0587,21.06,33,1,1.79,AU,1675740740
70,carnarvon,-24.8667,113.6333,28.86,49,0,7.62,AU,1675740819
71,san cristobal,7.7669,-72.225,22.1,77,64,0.64,VE,1675740893
72,mar del plata,-38.0023,-57.5575,20.61,75,0,7.15,AR,1675740693
73,yellowknife,62.456,-114.3525,-19.71,77,75,5.14,CA,1675740639
74,lompoc,34.6391,-120.4579,11.4,65,0,7.2,US,1675740690
75,tuktoyaktuk,69.4541,-133.0374,-40.0,67,100,2.06,CA,1675740703
76,orange,33.7,-117.7675,16.91,58,0,1.54,US,1675741034
77,kenai,60.5544,-151.2583,0.05,87,100,3.6,US,1675740928
78,sola,-13.8833,167.55,30.37,70,75,1.03,VU,1675741035
79,dwarka,22.2394,68.9678,21.95,70,3,2.84,IN,1675741035
80,bredasdorp,-34.5322,20.0403,19.45,96,82,1.41,ZA,1675740870
81,sao joao da barra,-21.6403,-41.0511,23.88,93,100,2.43,BR,1675740766
82,saint-philippe,-21.3585,55.7679,25.77,85,88,5.67,RE,1675740831
83,pacific grove,36.6177,-121.9166,10.61,85,0,1.54,US,1675740738
84,azul,-36.777,-59.8585,16.33,89,51,6.2,AR,1675740869
85,puerto ayora,-0.7393,-90.3518,26.42,92,10,4.92,EC,1675740798
86,verkhoyansk,67.5447,133.385,-40.74,96,100,0.4,RU,1675740862
87,suez,29.9737,32.5263,8.62,65,9,2.85,EG,1675741039
88,rafai,4.95,23.9167,19.1,32,5,0.63,CF,1675741039
89,richards bay,-28.783,32.0377,22.16,94,10,1.77,ZA,1675740889
90,butaritari,3.0707,172.7902,27.39,80,98,9.59,KI,1675740745
91,beloha,-25.1667,45.05,23.46,83,99,4.08,MG,1675741041
92,kashan,33.9831,51.4364,6.94,53,6,1.1,IR,1675741041
93,kevsala,45.7983,42.6903,-5.05,93,100,6.7,RU,1675741042
94,makakilo city,21.3469,-158.0858,26.18,64,20,4.12,US,1675740909
95,kissamos,35.4939,23.6569,7.73,80,96,8.64,GR,1675741042
96,dunedin,-45.8742,170.5036,15.45,82,100,1.79,NZ,1675740857
97,lebu,-37.6167,-73.65,14.13,85,0,7.66,CL,1675741043
98,dinagat,9.9561,125.5933,27.92,72,96,6.63,PH,1675741044
99,mizdah,31.4451,12.9801,5.49,79,75,4.06,LY,1675741044
100,cabedelo,-6.9811,-34.8339,23.37,68,68,4.66,BR,1675741045
101,gushikawa,26.3544,127.8686,21.77,79,40,5.66,JP,1675741045
102,ixtapa,20.7,-105.2,22.57,83,0,1.03,MX,1675740777
103,saint-prosper,46.2117,-70.4811,-15.84,99,18,1.8,CA,1675741046
104,camacha,33.0833,-16.3333,12.68,77,75,5.66,PT,1675741047
105,bowen,-20.0167,148.2333,29.76,74,37,7.93,AU,1675741047
106,miraflores,19.2167,-98.8083,16.68,47,0,0.88,MX,1675740915
107,madimba,-10.4,40.3333,23.62,94,75,5.14,TZ,1675741049
108,muros,42.7762,-9.0603,5.61,76,0,3.26,ES,1675741049
109,durango,24.8333,-104.8333,11.98,32,79,3.58,MX,1675740947
110,sechura,-5.5569,-80.8222,25.1,69,76,4.11,PE,1675741050
111,thompson,55.7435,-97.8558,-19.91,77,0,4.12,CA,1675740775
112,wonthaggi,-38.6044,145.5913,19.34,66,60,4.15,AU,1675741051
113,caravelas,-17.7125,-39.2481,24.74,92,2,3.1,BR,1675740910
114,cabo san lucas,22.8909,-109.9124,20.9,65,0,0.0,MX,1675740907
115,zemio,5.0314,25.1361,19.88,31,7,0.97,CF,1675741052
116,harper,4.375,-7.7169,25.69,85,89,2.53,LR,1675741052
117,jamestown,42.097,-79.2353,-0.55,93,100,3.6,US,1675740581
118,ploemeur,47.7333,-3.4333,4.97,77,0,3.6,FR,1675741053
119,nalut,30.3333,10.85,8.13,63,100,5.2,LY,1675741054
120,bela,25.9333,81.9833,21.86,42,0,3.29,IN,1675740964
121,hasaki,35.7333,140.8333,15.22,55,59,3.76,JP,1675740917
122,vrangel,42.7297,133.0839,-2.41,37,16,3.0,RU,1675741056
123,dubbo,-32.25,148.6167,34.07,22,40,5.14,AU,1675740834
124,neuquen,-38.9516,-68.0591,21.94,43,0,0.0,AR,1675741057
125,faanui,-16.4833,-151.75,27.41,76,5,6.51,PF,1675740920
126,ishigaki,24.3448,124.1572,23.07,78,75,4.63,JP,1675741060
127,teahupoo,-17.8333,-149.2667,26.98,75,30,5.57,PF,1675741061
128,flinders,-34.5833,150.8552,24.1,82,68,2.01,AU,1675740892
129,honningsvag,70.9821,25.9704,4.86,81,100,7.72,NO,1675741062
130,padang,-0.9492,100.3543,30.03,61,54,2.31,ID,1675741064
131,darnah,32.767,22.6367,10.17,72,97,4.87,LY,1675741064
132,riobamba,-1.6667,-78.6333,10.07,94,73,1.68,EC,1675741065
133,saint albans,51.75,-0.3333,1.48,96,26,1.54,GB,1675741067
134,sinegorye,62.0788,150.477,-32.73,99,97,0.92,RU,1675741068
135,port lincoln,-34.7333,135.8667,22.99,59,0,4.42,AU,1675741069
136,tonstad,58.6626,6.7169,3.44,99,100,1.71,NO,1675741070
137,sung noen,14.8992,101.8207,32.03,100,91,0.58,TH,1675741071
138,ilulissat,69.2167,-51.1,-18.99,78,75,2.57,GL,1675740785
139,arraial do cabo,-22.9661,-42.0278,24.06,92,99,0.47,BR,1675740746
140,sioux lookout,50.1001,-91.917,-0.96,93,100,5.14,CA,1675741072
141,talakan,50.3167,130.3667,-15.55,84,100,3.15,RU,1675741073
142,sfantu gheorghe,45.8667,25.7833,-11.77,97,97,0.38,RO,1675741074
143,ahipara,-35.1667,173.1667,21.59,65,13,4.61,NZ,1675741075
144,kudahuvadhoo,2.6708,72.8944,27.32,70,100,3.36,MV,1675740714
145,goundam,16.4145,-3.6708,22.35,15,100,3.89,ML,1675741076
146,khatanga,71.9667,102.5,-41.13,100,84,0.63,RU,1675740807
147,burgos,42.3394,-3.7079,-3.77,93,0,4.12,ES,1675741077
148,dikson,73.5069,80.5464,-33.07,99,75,1.81,RU,1675740868
149,prainha,-1.8,-53.48,22.57,96,80,1.16,BR,1675741078
150,chippewa falls,44.9369,-91.3929,2.45,89,100,2.57,US,1675740810
151,labuhan,-6.8844,112.2051,28.47,75,100,3.99,ID,1675741080
152,ostrovnoy,68.0531,39.5131,-3.3,92,100,13.45,RU,1675741080
153,singaparna,-7.3515,108.111,27.95,68,88,0.83,ID,1675741082
154,opuwo,-18.0607,13.84,17.65,47,59,1.29,NA,1675740793
155,hambantota,6.1241,81.1185,27.19,94,20,2.57,LK,1675740686
156,kiama,-34.6833,150.8667,24.21,82,78,0.45,AU,1675741083
157,biak,-0.9131,122.8766,29.38,63,97,0.56,ID,1675741085
158,corbelia,-24.7989,-53.3067,24.64,74,100,0.73,BR,1675741086
159,ubinskoye,55.3068,79.6802,-12.21,96,100,3.29,RU,1675741087
160,hamada,34.8833,132.0833,10.4,75,100,2.2,JP,1675740953
161,kaitangata,-46.2817,169.8464,12.66,88,100,5.55,NZ,1675741088
162,la ronge,55.1001,-105.2842,-14.86,85,40,0.0,CA,1675740875
163,kavaratti,10.5669,72.642,26.99,73,100,5.99,IN,1675741090
164,arkhangelsk,64.5401,40.5433,-6.94,93,100,3.0,RU,1675741090
165,belmonte,-15.8631,-38.8828,25.03,90,0,3.58,BR,1675740778
166,bodden town,19.2833,-81.25,26.0,93,20,3.09,KY,1675741092
167,hobyo,5.3505,48.5268,24.95,78,15,7.39,SO,1675740870
168,edmundston,47.3737,-68.3251,-13.37,81,0,1.54,CA,1675740859
169,saint-francois,46.4154,3.9054,-0.18,74,0,2.06,FR,1675740759
170,fare,-16.7,-151.0167,27.28,76,2,6.15,PF,1675741095
171,leticia,-4.2153,-69.9406,24.03,100,75,0.0,CO,1675741096
172,upernavik,72.7868,-56.1549,-22.53,94,100,2.3,GL,1675740901
173,enzan,35.7,138.7333,13.83,31,87,2.01,JP,1675741097
174,severo-kurilsk,50.6789,156.125,-3.12,70,96,5.49,RU,1675740754
175,airai,-8.9266,125.4092,23.06,60,61,2.23,TL,1675740652
176,tiznit,29.5833,-9.5,7.75,79,7,0.29,MA,1675741005
177,vilyuysk,63.7553,121.6247,-34.3,96,99,0.49,RU,1675741101
178,castro,-24.7911,-50.0119,17.8,76,98,1.41,BR,1675740790
179,ancud,-41.8697,-73.8203,10.84,91,0,1.41,CL,1675740881
180,guilin,25.2819,110.2864,11.06,88,100,2.66,CN,1675740951
181,axim,4.8699,-2.2405,25.4,88,54,1.7,GH,1675741105
182,nome,64.5011,-165.4064,-16.02,78,0,0.0,US,1675740804
183,mogadishu,2.0371,45.3438,23.93,88,14,5.14,SO,1675741107
184,bathsheba,13.2167,-59.5167,26.34,73,40,8.23,BB,1675741108
185,husavik,66.0449,-17.3389,-2.15,70,44,9.35,IS,1675740749
186,alice springs,-23.7,133.8833,33.75,40,30,5.66,AU,1675740703
187,asau,46.4333,26.4,-5.4,88,79,2.03,RO,1675741109
188,constantine,36.365,6.6147,7.67,81,75,1.03,DZ,1675741110
189,imbituba,-28.24,-48.6703,21.1,88,13,1.88,BR,1675741110
190,san quintin,30.4833,-115.95,13.58,72,0,1.84,MX,1675741111
191,mokobeng,-22.9965,27.6678,20.57,68,24,3.05,BW,1675741111
192,biskamzha,53.4497,89.5272,-9.07,95,98,0.78,RU,1675741112
193,balkanabat,39.5108,54.3671,10.64,35,70,3.12,TM,1675741113
194,plettenberg bay,-34.0527,23.3716,20.99,95,80,2.37,ZA,1675741115
195,cherskiy,68.75,161.3,-37.0,100,100,1.7,RU,1675740818
196,esperance,-33.8667,121.9,23.0,70,0,8.31,AU,1675741096
197,tabas,33.5959,56.9244,11.47,38,4,2.71,IR,1675741117
198,norman wells,65.282,-126.8329,-23.98,70,100,2.06,CA,1675741042
199,miri,4.4148,114.0089,29.08,74,40,3.6,MY,1675741118
200,vao,-22.6667,167.4833,26.05,68,17,5.63,NC,1675740894
201,rio gallegos,-51.6226,-69.2181,15.03,51,40,9.26,AR,1675741119
202,burns lake,54.2331,-125.7533,0.68,98,47,1.39,CA,1675741120
203,kavieng,-2.5744,150.7967,28.28,74,89,2.59,PG,1675740874
204,abonnema,4.7084,6.7931,25.67,84,33,1.88,NG,1675741123
205,jiuquan,39.7432,98.5174,0.16,39,11,1.82,CN,1675741124
206,haines junction,60.7522,-137.5108,-4.03,63,100,2.06,CA,1675740795
207,qaanaaq,77.484,-69.3632,-28.17,94,99,1.75,GL,1675740820
208,benguela,-12.5763,13.4055,24.43,72,100,1.79,AO,1675741127
209,the pas,53.8251,-101.2541,-9.99,73,75,5.14,CA,1675741129
210,mbulu,-3.85,35.5333,14.74,88,100,1.34,TZ,1675741130
211,sokolow podlaski,52.4068,22.2531,-1.36,87,100,4.58,PL,1675741130
212,ugoofaaru,5.6667,73.0,27.09,74,93,4.68,MV,1675741132
213,itoman,26.1247,127.6694,22.21,80,40,5.66,JP,1675740930
214,rosetta,31.4044,30.4164,13.17,55,100,10.33,EG,1675741133
215,nuevo progreso,23.1667,-97.95,20.82,72,27,0.45,MX,1675741134
216,rocha,-34.4833,-54.3333,19.37,97,6,0.66,UY,1675741135
217,port elizabeth,-33.918,25.5701,22.4,93,20,7.72,ZA,1675740813
218,halifax,44.6453,-63.5724,-1.48,80,100,5.81,CA,1675740942
219,las vegas,36.175,-115.1372,13.38,28,0,5.14,US,1675741105
220,chokwe,-24.5333,32.9833,21.92,95,36,1.22,MZ,1675741137
221,lovozero,68.005,35.0117,-1.48,86,100,2.3,RU,1675741139
222,susangerd,31.5608,48.1831,13.58,91,7,3.44,IR,1675741139
223,peterhead,57.5058,-1.7981,4.69,87,90,5.99,GB,1675741140
224,andenes,69.3143,16.1194,7.18,87,100,14.4,NO,1675741141
225,acari,-15.4311,-74.6158,24.46,85,69,1.46,PE,1675741141
226,manakara,-22.1333,48.0167,22.58,95,100,1.45,MG,1675741142
227,pevek,69.7008,170.3133,-33.41,99,100,0.77,RU,1675741142
228,itarema,-2.9248,-39.9167,25.09,84,46,3.13,BR,1675741143
229,concepcion del uruguay,-32.4825,-58.2372,24.58,72,0,0.89,AR,1675741144
230,xuddur,4.1213,43.8894,20.5,80,34,6.92,SO,1675741145
231,panama city,8.9936,-79.5197,27.32,77,0,2.57,PA,1675741114
232,victoria,22.2855,114.1577,23.03,81,41,2.24,HK,1675740695
233,oistins,13.0667,-59.5333,26.05,73,40,8.23,BB,1675741147
234,lashma,54.9321,41.1438,-10.66,97,99,1.96,RU,1675741147
235,tuatapere,-46.1333,167.6833,14.57,70,59,5.97,NZ,1675740824
236,ano mera,37.45,25.4,6.4,65,100,13.03,GR,1675741149
237,tautira,-17.7333,-149.15,26.73,75,30,5.55,PF,1675740741
238,manono,-7.3,27.4167,19.84,97,99,1.1,CD,1675741150
239,olinda,-8.0089,-34.8553,25.85,69,40,2.06,BR,1675741151
240,sapa,5.1544,120.3241,27.98,73,64,1.4,PH,1675741151
241,komsomolskiy,40.4272,71.7189,0.4,93,5,2.06,UZ,1675740782
242,mahebourg,-20.4081,57.7,26.81,89,40,4.12,MU,1675740651
243,tres arroyos,-38.3739,-60.2798,15.31,79,26,5.08,AR,1675741153
244,kashi,39.4547,75.9797,-1.44,59,0,2.0,CN,1675741154
245,kupang,-10.1667,123.5833,30.32,74,75,3.09,ID,1675741155
246,praia,14.9215,-23.5087,19.3,59,75,9.77,CV,1675741156
247,manokwari,-0.8667,134.0833,27.07,84,92,5.32,ID,1675741156
248,alofi,-19.0595,-169.9187,29.94,70,40,4.63,NU,1675740898
249,laguna,38.421,-121.4238,12.07,58,0,4.12,US,1675741157
250,liverpool,53.4106,-2.9779,3.79,88,0,2.57,GB,1675740935
251,san isidro,-12.1167,-77.05,25.56,75,0,5.66,PE,1675741158
252,shimoda,34.6667,138.95,13.2,53,66,4.92,JP,1675741145
253,ust-kulom,61.6864,53.6902,-21.36,100,100,0.79,RU,1675741160
254,vila franca do campo,37.7167,-25.4333,13.23,89,99,6.76,PT,1675741161
255,santo domingo,18.5001,-69.9886,21.82,100,20,0.0,DO,1675741163
256,bengkulu,-3.8004,102.2655,28.55,64,90,4.31,ID,1675740675
257,chuy,-33.6971,-53.4616,19.72,81,2,1.61,UY,1675740779
258,lingao,19.9103,109.6859,26.1,66,14,4.67,CN,1675741164
259,lima,-12.0432,-77.0282,24.94,75,0,5.66,PE,1675741165
260,veraval,20.9,70.3667,22.75,62,4,3.7,IN,1675741166
261,coahuayana,18.7333,-103.6833,21.19,92,63,1.3,MX,1675741166
262,edd,13.9297,41.6925,26.44,44,34,3.94,ER,1675741167
263,ithaca,42.4406,-76.4966,-0.36,81,100,2.06,US,1675741167
264,berlevag,70.8578,29.0864,5.0,75,100,13.38,NO,1675740789
265,sao filipe,14.8961,-24.4956,19.9,65,39,7.45,CV,1675740869
266,longyearbyen,78.2186,15.6401,-1.09,80,100,10.29,SJ,1675740903
267,bardiyah,31.7561,25.0865,9.73,75,59,5.31,LY,1675741170
268,nishihara,26.1842,127.7558,21.81,81,75,5.66,JP,1675740830
269,nacala,-14.5428,40.6728,24.09,91,99,2.48,MZ,1675741172
270,tiksi,71.6872,128.8694,-32.08,100,100,1.39,RU,1675740757
271,waverly,42.7392,-84.6208,-0.95,85,0,7.72,US,1675741120
272,inhambane,-23.865,35.3833,24.51,86,82,2.37,MZ,1675741173
273,wawa,9.9022,4.4192,25.98,23,100,1.07,NG,1675741174
274,fairbanks,64.8378,-147.7164,-15.84,82,0,1.54,US,1675740777
275,rafaela,-31.2503,-61.4867,26.1,31,0,3.25,AR,1675741174
276,saskylakh,71.9167,114.0833,-38.25,100,100,0.79,RU,1675740806
277,okha,53.5739,142.9478,-21.66,88,93,4.65,RU,1675741175
278,ulaanbaatar,47.9077,106.8832,-20.93,77,32,0.0,MN,1675741176
279,havre-saint-pierre,50.2334,-63.5986,-13.0,77,0,2.06,CA,1675741177
280,racine,42.7495,-88.0751,5.62,78,100,2.57,US,1675741123
281,dourdan,48.5277,2.0111,1.47,87,6,4.91,FR,1675741178
282,mansa,29.9833,75.3833,17.35,46,0,4.38,IN,1675741179
283,rio brilhante,-21.8019,-54.5464,21.45,93,98,1.57,BR,1675741180
284,rio grande,-32.035,-52.0986,22.25,77,48,3.78,BR,1675741181
285,ribeira grande,38.5167,-28.7,13.76,67,92,7.15,PT,1675740751
286,shingu,33.7333,135.9833,13.17,63,98,2.63,JP,1675741182
287,mitsamiouli,-11.3847,43.2844,27.34,79,100,4.32,KM,1675741183
288,nokaneng,-19.6667,22.2667,19.41,93,100,1.25,BW,1675741183
289,male,4.1748,73.5089,27.97,83,75,3.6,MV,1675741184
290,villa maria,-32.4075,-63.2402,20.46,69,0,3.15,AR,1675741184
291,lagoa,39.05,-27.9833,13.03,66,100,9.64,PT,1675740761
292,prince rupert,54.3161,-130.3201,3.83,93,40,2.06,CA,1675741012
293,bemidji,47.4736,-94.8803,0.1,91,100,3.09,US,1675741185
294,coquimbo,-29.9533,-71.3436,17.85,88,100,1.54,CL,1675741060
295,uruzgan,32.8333,66.0,1.6,34,99,3.29,AF,1675741186
296,garissa,-0.4536,39.6401,23.33,82,26,1.51,KE,1675741187
297,mehamn,71.0357,27.8492,4.97,81,100,11.32,NO,1675741187
298,bilgoraj,50.5411,22.722,-5.19,96,88,2.48,PL,1675741188
299,lebowakgomo,-24.2,29.5,18.5,82,3,1.02,ZA,1675741188
300,chipinge,-20.1883,32.6236,16.63,71,28,0.57,ZW,1675741189
301,matara,5.9485,80.5353,26.14,82,100,2.34,LK,1675741190
302,naron,43.5167,-8.1528,7.79,81,0,4.75,ES,1675741190
303,katsuura,35.1333,140.3,14.06,54,61,3.17,JP,1675740931
304,guerrero negro,27.9769,-114.0611,16.06,35,54,5.33,MX,1675741192
305,half moon bay,37.4636,-122.4286,12.4,67,0,5.14,US,1675740637
306,dzilam gonzalez,21.2833,-88.9333,20.96,86,15,2.58,MX,1675741193
307,jasidih,24.5167,86.65,22.81,28,0,2.11,IN,1675741193
308,saint-augustin,51.226,-58.6502,-24.83,86,7,3.53,CA,1675741194
309,waipawa,-41.4122,175.5153,22.99,48,1,2.5,NZ,1675741194
310,barentu,15.1139,37.5928,18.17,76,65,2.06,ER,1675741195
311,hovd,48.0056,91.6419,-14.2,82,22,1.07,MN,1675741196
312,truth or consequences,33.1284,-107.2528,8.13,36,0,6.17,US,1675741197
313,quatre cocos,-20.2078,57.7625,26.72,77,46,7.12,MU,1675741198
314,oksfjord,70.2396,22.3479,8.04,99,100,3.84,NO,1675741199
315,moratuwa,6.773,79.8816,26.01,81,100,2.92,LK,1675741200
316,shirokiy,49.758,129.523,-15.37,85,100,3.48,RU,1675741203
317,rosarito,32.3333,-117.0333,13.53,58,0,3.38,MX,1675741204
318,solnechnyy,50.7214,136.6319,-15.48,82,97,1.31,RU,1675741205
319,harrison,30.4091,-89.0436,16.04,81,0,4.12,US,1675741178
320,lexington,37.9887,-84.4777,7.0,54,0,3.6,US,1675741082
321,provideniya,64.3833,-173.3,-19.94,59,40,5.0,RU,1675741206
322,lorengau,-2.0226,147.2712,26.22,86,100,3.29,PG,1675740832
323,kitimat,54.0524,-128.6534,1.21,31,100,1.59,CA,1675741208
324,turukhansk,65.8167,87.9833,-18.89,95,100,1.92,RU,1675741209
325,grindavik,63.8424,-22.4338,-1.74,86,75,15.95,IS,1675741209
326,alice,27.7523,-98.0697,20.85,88,100,8.23,US,1675741210
327,krasne,49.9145,24.6134,-7.17,96,100,3.37,UA,1675741210
328,tasiilaq,65.6145,-37.6368,-14.91,96,100,2.93,GL,1675740750
329,lahad datu,5.0268,118.327,30.48,60,24,0.23,MY,1675741211
330,wanxian,30.8039,108.3897,17.2,52,99,2.07,CN,1675741212
331,umm lajj,25.0213,37.2685,18.5,52,100,5.59,SA,1675741212
332,nagato,34.3833,131.2,9.3,78,100,2.51,JP,1675741213
333,nouadhibou,20.931,-17.0347,14.99,72,0,9.26,MR,1675741200
334,santa marta,11.2408,-74.199,30.03,54,7,5.66,CO,1675741214
335,kharovsk,59.9642,40.1912,-20.05,100,100,1.83,RU,1675741215
336,satipo,-11.2522,-74.6386,19.87,97,97,0.93,PE,1675741216
337,saint marys,30.7305,-81.5465,13.36,71,2,1.82,US,1675741219
338,belaya gora,68.5333,146.4167,-31.53,99,99,0.79,RU,1675741220
339,pokhara,28.2333,83.9833,16.99,48,66,2.09,NP,1675741220
340,scarborough,54.2797,-0.4044,3.52,80,98,0.89,GB,1675741221
341,zhaotong,27.3167,103.7167,7.51,68,99,2.02,CN,1675741222
342,kuji,40.1878,141.7689,5.15,60,43,2.87,JP,1675741223
343,oriximina,-1.7656,-55.8661,22.95,94,58,1.18,BR,1675741225
344,broken hill,-31.95,141.4333,31.02,17,0,5.77,AU,1675741226
345,olavarria,-36.8927,-60.3225,16.51,88,49,6.4,AR,1675741227
346,lysyye gory,51.5506,44.8414,-16.56,93,14,3.14,RU,1675741228
347,sakakah,29.9697,40.2064,9.76,51,5,5.84,SA,1675740790
348,riyadh,24.6877,46.7219,21.08,39,2,4.9,SA,1675741230
349,te anau,-45.4167,167.7167,13.32,79,43,3.96,NZ,1675741232
350,aleksandrov gay,50.147,48.5704,-12.39,90,72,5.75,RU,1675741232
351,shashi,30.3072,112.2447,12.82,49,52,2.68,CN,1675741233
352,bereda,43.2686,-7.5406,-3.25,100,26,1.09,ES,1675741234
353,nipawin,53.3668,-104.0009,-11.98,78,0,1.54,CA,1675741234
354,portobelo,9.55,-79.65,24.5,88,41,7.18,PA,1675741235
355,aldan,58.6031,125.3894,-30.78,87,51,0.84,RU,1675741236
356,emba,48.8264,58.1442,-14.06,90,100,3.39,KZ,1675741199
357,puteyets,65.1716,57.091,-21.42,99,100,3.15,RU,1675741237
358,presidencia roque saenz pena,-26.7852,-60.4388,27.88,30,80,1.78,AR,1675741238
359,port hardy,50.6996,-127.4199,8.1,93,100,4.63,CA,1675741216
360,piney green,34.716,-77.3202,8.28,91,0,0.0,US,1675741240
361,dengzhou,37.8086,120.7508,3.89,51,63,2.95,CN,1675741241
362,los llanos de aridane,28.6585,-17.9182,13.86,72,40,6.17,ES,1675741241
363,santo antonio de padua,-21.5394,-42.1803,23.05,96,100,0.6,BR,1675741242
364,flin flon,54.7682,-101.865,-16.06,93,99,2.88,CA,1675741243
365,bambous virieux,-20.3428,57.7575,26.79,89,40,4.12,MU,1675740810
366,nanortalik,60.1432,-45.2371,-15.64,85,100,4.92,GL,1675740851
367,bilma,18.6853,12.9164,15.47,25,55,3.48,NE,1675740896
368,bondo,3.8146,23.6866,18.12,46,13,1.03,CD,1675741246
369,manggar,-2.8833,108.2667,29.44,69,100,4.1,ID,1675741247
370,horconcitos,8.4682,-81.8007,19.25,90,70,3.46,PA,1675741248
371,namatanai,-3.6667,152.4333,29.35,69,91,3.26,PG,1675741249
372,korla,41.7597,86.1469,1.1,56,100,0.61,CN,1675740776
373,high level,58.5169,-117.136,-12.94,85,75,2.06,CA,1675740866
374,naze,28.3667,129.4833,21.51,78,48,8.03,JP,1675740924
375,sabang,5.8933,95.3214,27.31,74,43,3.6,ID,1675740926
376,antalaha,-14.9003,50.2788,24.24,88,100,2.05,MG,1675741253
377,whitehorse,60.7161,-135.0538,-2.57,50,20,3.6,CA,1675740646
378,valentin gomez farias,28.2167,-106.5833,12.01,30,10,6.92,MX,1675741254
379,nuuk,64.1835,-51.7216,-18.92,95,97,2.13,GL,1675740518
380,semnan,35.5729,53.3971,4.91,53,9,0.5,IR,1675741255
381,rangpur,25.75,89.25,22.37,34,0,0.83,BD,1675741256
382,belgaum,15.8667,74.5,20.95,46,30,0.0,IN,1675741257
383,neiafu,-18.65,-173.9833,25.38,83,100,2.06,TO,1675741257
384,saint-pierre,-21.3393,55.4781,25.82,73,0,2.06,RE,1675740743
385,atar,20.5169,-13.0499,14.37,31,0,4.53,MR,1675741259
386,bismil,37.8486,40.6658,6.06,92,100,4.44,TR,1675741259
387,erenhot,43.6475,111.9767,-6.65,73,83,2.77,CN,1675741260
388,calama,-22.4667,-68.9333,14.27,62,75,4.12,CL,1675740637
389,ormara,25.2088,64.6357,23.09,33,33,2.09,PK,1675741261
390,jian,27.1172,114.9793,10.95,90,100,1.36,CN,1675741261
391,port hedland,-20.3167,118.5667,36.03,36,66,2.57,AU,1675741262
392,krasnoselkup,65.7,82.4667,-16.65,97,100,2.44,RU,1675741127
393,mairana,-18.1167,-63.9333,13.47,99,78,0.91,BO,1675741266
394,murray bridge,-35.1167,139.2667,29.08,32,0,4.63,AU,1675741266
395,rongcheng,30.634,117.8517,10.18,90,100,1.73,CN,1675741267
396,kampot,10.6167,104.1833,29.03,58,40,3.04,KH,1675741267
397,poum,-20.2333,164.0167,27.54,81,100,5.56,NC,1675741268
398,san jose,37.3394,-121.895,11.11,69,20,2.57,US,1675740822
399,alappuzha,9.49,76.3264,28.89,72,93,2.05,IN,1675741269
400,beeville,28.4008,-97.7483,20.35,88,100,7.2,US,1675741164
401,yerbogachen,61.2767,108.0108,-25.83,97,89,0.77,RU,1675741270
402,kawai,34.2333,135.85,6.68,57,100,0.18,JP,1675741270
403,saldanha,-33.0117,17.9442,17.03,95,99,6.5,ZA,1675740750
404,quang ngai,15.1167,108.8,26.56,74,100,2.89,VN,1675740796
405,roald,62.5833,6.1333,9.07,71,40,13.38,NO,1675740788
406,takoradi,4.8845,-1.7554,25.45,88,51,2.3,GH,1675740843
407,gizo,-8.103,156.8419,28.09,75,100,5.59,SB,1675741272
408,cockburn town,21.4612,-71.1419,25.59,76,2,6.89,TC,1675741273
409,cairns,-16.9167,145.7667,33.39,70,40,7.2,AU,1675741157
410,nardaran,40.5561,50.0056,3.8,93,75,6.17,AZ,1675741274
411,punto fijo,11.6956,-70.1996,24.71,83,24,11.4,VE,1675741275
412,gazanjyk,39.2446,55.5154,7.44,53,62,3.79,TM,1675741276
413,lavrentiya,65.5833,-171.0,-27.34,91,74,3.07,RU,1675740881
414,myitkyina,25.3833,97.4,25.59,28,0,0.09,MM,1675741277
415,coihaique,-45.5752,-72.0662,12.34,62,0,0.51,CL,1675741278
416,qaqortoq,60.7167,-46.0333,-25.71,69,26,4.15,GL,1675741278
417,leningradskiy,69.3833,178.4167,-30.57,97,100,4.08,RU,1675740860
418,moyale,3.5167,39.0584,18.74,37,12,2.23,KE,1675741280
419,comodoro rivadavia,-45.8667,-67.5,16.92,45,0,1.03,AR,1675741035
420,tripoli,32.8752,13.1875,10.46,64,17,5.64,LY,1675740991
421,awbari,26.5921,12.7805,9.66,57,86,4.79,LY,1675741282
422,san felipe,10.3399,-68.7425,21.94,92,98,2.32,VE,1675740914
423,obo,5.3998,26.4869,21.83,22,59,1.76,CF,1675741284
424,port arthur,38.8,121.2667,4.12,36,18,0.72,CN,1675741270
425,torbay,47.6666,-52.7314,-1.9,94,100,6.69,CA,1675740814
426,krasnorechenskiy,44.6265,135.3532,-7.8,61,70,4.75,RU,1675741286
427,bayanday,53.0661,105.5139,-13.06,91,93,1.96,RU,1675741288
428,midland,31.9974,-102.0779,17.37,59,0,4.12,US,1675741289
429,pangoa,-12.1167,-73.0,18.33,98,100,1.16,PE,1675741290
430,barcelona,41.3888,2.159,9.62,70,40,6.69,ES,1675741015
431,touros,-5.1989,-35.4608,26.21,74,39,5.35,BR,1675740773
432,kaura namoda,12.5898,6.5779,21.15,17,100,4.19,NG,1675741292
433,tyrma,50.0833,132.1667,-13.97,77,100,3.13,RU,1675741294
434,kununurra,-15.7667,128.7333,35.99,34,62,2.06,AU,1675740905
435,luga,58.7372,29.8453,-12.69,98,91,0.65,RU,1675741295
436,isangel,-19.55,169.2667,30.06,79,100,1.54,VU,1675741296
437,porto novo,6.4965,2.6036,25.78,88,100,2.75,BJ,1675741296
438,gamboula,4.1178,15.1393,19.35,31,3,1.0,CF,1675741298
439,port antonio,18.18,-76.4612,26.95,82,0,2.05,JM,1675741299
440,oranjemund,-28.55,16.4333,18.19,95,100,4.24,NA,1675740883
441,hasilpur,29.7122,72.5553,16.9,44,0,2.84,PK,1675741300
442,lahaina,20.8783,-156.6825,26.0,88,6,4.45,US,1675741021
443,cloppenburg,52.85,8.0333,-2.86,90,6,2.47,DE,1675741302
444,traverse city,44.7631,-85.6206,-0.96,72,20,2.57,US,1675741303
445,roanoke rapids,36.4615,-77.6542,6.49,81,0,2.06,US,1675741118
446,koygorodok,60.445,50.9968,-20.85,100,94,1.31,RU,1675741161
447,santa cruz de la palma,28.6835,-17.7642,17.08,63,40,7.72,ES,1675741306
448,santa cruz,-17.8,-63.1667,23.7,94,54,4.63,BO,1675741307
449,kanniyakumari,8.0833,77.5667,26.7,56,95,5.12,IN,1675741308
450,erzin,36.9559,36.2,4.48,82,89,1.56,TR,1675741310
451,westport,41.1415,-73.3579,3.02,64,0,6.17,US,1675741127
452,cumberland,35.0502,-78.8664,6.37,84,0,0.0,US,1675741311
453,strezhevoy,60.7333,77.5889,-17.81,98,100,1.03,RU,1675741312
454,banda aceh,5.5577,95.3222,28.39,70,87,0.86,ID,1675741193
455,tukums,56.9669,23.1553,0.64,94,98,2.28,LV,1675741313
456,gizycko,54.0381,21.7644,-1.97,97,68,3.41,PL,1675741315
457,walvis bay,-22.9575,14.5053,18.94,88,100,2.57,NA,1675741277
458,njombe,-9.3333,34.7667,13.71,96,100,1.6,TZ,1675741316
459,kamenka,51.3223,42.7678,-14.71,89,24,3.81,RU,1675741317
460,biograd na moru,43.9433,15.4519,-0.14,58,0,6.17,HR,1675741319
461,college,64.8569,-147.8028,-15.85,82,75,1.54,US,1675741321
462,marsh harbour,26.5412,-77.0636,21.48,63,5,5.83,BS,1675740762
463,hofn,64.2539,-15.2082,1.65,84,59,18.24,IS,1675741322
464,saurimo,-9.6608,20.3916,17.36,93,100,1.33,AO,1675741323
465,bandarbeyla,9.4942,50.8122,23.72,75,75,3.39,SO,1675741324
466,krasnomayskiy,57.6194,34.4099,-12.75,99,90,1.74,RU,1675741325
467,standerton,-26.9337,29.2415,14.78,97,41,1.21,ZA,1675741326
468,hirado,33.3597,129.5531,12.44,86,100,8.49,JP,1675741328
469,gairo,39.8497,9.5047,4.54,90,100,3.04,IT,1675741328
470,ossora,59.2353,163.0719,-22.22,89,100,2.3,RU,1675741329
471,zarubino,42.63,131.0922,-3.34,48,12,3.44,RU,1675741329
472,palmer,42.1584,-72.3287,0.75,61,20,8.23,US,1675741330
473,henties bay,-22.116,14.2845,17.86,90,76,1.78,NA,1675741331
474,grand forks,47.9417,-97.4337,-0.15,80,0,7.72,US,1675741332
475,kirkwood,38.5834,-90.4068,15.16,75,100,5.66,US,1675741333
476,mali,12.079,-12.2982,15.93,22,26,0.27,GN,1675741333
477,jieshi,22.8134,115.8257,21.9,75,11,3.31,CN,1675741334
478,tomatlan,19.9333,-105.25,18.39,87,47,1.1,MX,1675741335
479,souillac,-20.5167,57.5167,26.21,89,40,4.12,MU,1675740884
480,yuyao,30.05,121.1494,9.87,93,100,1.73,CN,1675741336
481,ozernovskiy,51.5,156.5167,-4.05,70,100,0.91,RU,1675741336
482,clearwater,27.9659,-82.8001,18.99,80,0,3.58,US,1675741338
483,constitucion,-35.3333,-72.4167,15.65,72,0,3.68,CL,1675740817
484,kaligutan,7.7031,125.8131,24.49,88,100,3.01,PH,1675741339
485,arrecife,28.963,-13.5477,15.99,72,0,1.03,ES,1675741340
486,sambava,-14.2667,50.1667,24.71,86,85,2.92,MG,1675741341
487,paamiut,61.994,-49.6678,-20.04,89,100,5.43,GL,1675741341
488,orcopampa,-15.2661,-72.3417,7.57,90,98,1.87,PE,1675741342
489,pisco,-13.7,-76.2167,23.03,94,7,3.6,PE,1675741342
490,aykhal,66.0,111.5,-32.06,95,99,1.47,RU,1675740755
491,smithers,54.7804,-127.1743,-0.82,93,40,0.0,CA,1675741129
492,freire,-38.95,-72.6333,11.89,87,0,2.57,CL,1675741343
493,dingle,10.9995,122.6711,28.47,71,98,5.67,PH,1675740941
494,eureka,40.8021,-124.1637,7.92,91,39,0.45,US,1675740877
495,colares,38.7992,-9.4469,9.86,63,0,6.26,PT,1675741347
496,sapouy,11.5544,-1.7736,24.24,17,72,2.65,BF,1675741347
497,vardo,70.3705,31.1107,1.99,87,40,12.35,NO,1675740807
498,lorch,48.7983,9.6914,-1.02,88,1,5.42,DE,1675741349
499,puerto escondido,15.85,-97.0667,26.46,73,20,0.0,MX,1675741350
500,olafsvik,64.8945,-23.7142,0.41,65,79,16.85,IS,1675741351
501,tessalit,20.1986,1.0114,21.9,14,98,4.18,ML,1675740799
502,lazaro cardenas,17.9583,-102.2,23.05,82,9,0.68,MX,1675741186
503,vanavara,60.34,102.2797,-22.21,100,100,1.1,RU,1675741352
504,angol,-37.8,-72.7167,16.35,59,0,2.53,CL,1675741224
505,yorosso,12.3536,-4.7761,24.9,16,96,0.06,ML,1675741352
506,ayame,5.6083,-3.1563,23.44,97,45,1.14,CI,1675741353
507,fortuna,40.5982,-124.1573,7.21,93,100,0.0,US,1675741354
508,poarta alba,44.2167,28.4,-3.34,80,75,6.17,RO,1675741354
509,arlit,18.7369,7.3853,19.74,16,100,3.18,NE,1675740701
510,qasigiannguit,68.8193,-51.1922,-18.86,98,100,2.49,GL,1675741355
511,trinidad,-14.8333,-64.9,21.37,99,95,1.58,BO,1675741086
512,sherpur,25.0188,90.0175,22.48,38,0,3.5,BD,1675741356
513,neftcala,39.3742,49.2472,6.41,90,85,4.04,AZ,1675741357
514,san clemente,33.427,-117.612,15.61,69,0,1.79,US,1675741357
515,akureyri,65.6835,-18.0878,-1.04,64,75,8.23,IS,1675741358
516,chai badan,15.2,101.1333,32.44,48,52,3.65,TH,1675741360
517,chicama,-7.8447,-79.1469,22.3,74,74,2.31,PE,1675741361
518,hami,42.8,93.45,1.2,45,100,0.95,CN,1675741106
519,cetateni,45.2,25.1833,-8.81,82,5,2.68,RO,1675741362
520,pundaguitan,6.3711,126.1689,26.34,78,100,4.06,PH,1675741363
521,katherine,-14.4667,132.2667,35.18,36,40,3.6,AU,1675741364
522,hachinohe,40.5,141.5,3.64,66,54,3.1,JP,1675741366
523,ucluelet,48.9329,-125.5528,9.49,93,100,2.24,CA,1675741366
524,troitskoye,52.9821,84.6757,-5.84,94,100,3.27,RU,1675741367
525,teguise,29.0605,-13.564,14.12,72,0,1.03,ES,1675741369
526,sagar,23.8333,78.7167,22.09,33,0,3.54,IN,1675741370
527,sarangani,5.4033,125.4636,27.39,73,100,8.65,PH,1675741370
528,glarus,47.0406,9.068,-2.96,83,12,4.37,CH,1675741371
529,maragogi,-9.0122,-35.2225,25.28,72,74,3.29,BR,1675741372
530,salinas,36.6777,-121.6555,10.84,80,0,1.54,US,1675741372
531,grand-lahou,5.1367,-5.0242,25.85,88,100,2.88,CI,1675741373
532,tarsus,36.9188,34.8784,4.93,59,90,3.21,TR,1675741375
533,aras,42.5617,-2.356,-3.77,93,0,2.06,ES,1675741376
534,piacabucu,-10.4056,-36.4344,24.9,77,100,4.07,BR,1675741377
535,taonan,45.3333,122.7833,-5.79,45,0,2.71,CN,1675741379
536,sanary-sur-mer,43.1178,5.8001,8.97,61,100,7.15,FR,1675741379
537,bairiki,1.3292,172.9752,30.0,70,75,5.66,KI,1675741381
538,nioro,13.35,-15.75,20.16,28,0,4.26,GM,1675741381
539,popondetta,-8.7537,148.2534,27.09,78,100,1.27,PG,1675741382
540,barcelos,41.5388,-8.6151,9.36,67,0,3.53,PT,1675741348
541,bud,39.447,-86.1758,8.15,67,100,5.56,US,1675741383
542,winburg,-28.518,27.0093,16.15,69,96,3.79,ZA,1675741385
543,la palma,33.8464,-118.0467,17.29,70,0,2.06,US,1675741386
544,bayan,46.0833,127.4,-10.34,75,15,3.3,CN,1675741386
545,salalah,17.0151,54.0924,21.05,73,20,1.54,OM,1675740886
546,puerto del rosario,28.5004,-13.8627,13.86,77,0,3.09,ES,1675741387
547,ust-nera,64.5667,143.2,-33.96,98,100,0.85,RU,1675741388
548,nicoya,10.1483,-85.452,23.76,76,0,4.83,CR,1675741389
549,urusha,54.05,122.9,-19.51,80,38,0.76,RU,1675741389
550,ha tinh,18.3333,105.9,24.87,81,67,1.37,VN,1675741390
551,luziania,-16.2525,-47.9503,20.83,89,98,0.24,BR,1675741390
552,mandalgovi,45.7625,106.2708,-9.71,52,20,3.68,MN,1675741391
553,shache,38.4167,77.2406,-0.16,50,98,2.0,CN,1675741392
554,asyut,27.181,31.1837,6.1,54,100,3.05,EG,1675741393
555,sorland,67.667,12.6934,6.92,88,100,20.88,NO,1675741243
556,sao borja,-28.6606,-56.0044,21.64,30,0,3.79,BR,1675741394
557,san rafael,-34.6177,-68.3301,25.4,26,0,1.66,AR,1675741252
558,bambanglipuro,-7.95,110.2833,27.23,78,100,4.56,ID,1675741394
559,andros town,24.7,-77.7667,22.98,71,10,7.95,BS,1675741395
560,kloulklubed,7.0419,134.2556,27.28,75,95,8.12,PW,1675741282
561,guiratinga,-16.3494,-53.7583,22.21,88,100,0.1,BR,1675741396
562,lamu,-2.2717,40.902,26.12,88,15,3.67,KE,1675740916
563,innerleithen,55.6193,-3.063,7.3,86,100,0.89,GB,1675741397
564,pangnirtung,66.1451,-65.7125,-36.98,91,78,2.14,CA,1675741398
565,san giovanni rotondo,41.7049,15.7191,-3.21,80,20,2.57,IT,1675741398
566,torrington,41.8007,-73.1212,0.99,60,1,2.24,US,1675741377
567,vaitape,-16.5167,-151.75,27.41,76,5,6.52,PF,1675740824
